{"episode_length":200,"entropy_coef":0.1,"_timestamp":1.7516211271932645e+09,"_step":10,"episode":10,"reward":-73,"_wandb":{"runtime":21},"_runtime":21.2219054}