{"_wandb":{"runtime":39},"_runtime":39.438615351,"episode":99,"_timestamp":1.7717020337721162e+09,"_step":0,"episode/reward":249.5}