{"_runtime":358.8871661,"_wandb":{"runtime":365},"avg_q":57.4637336730957,"epsilon":0.0996820918179746,"loss":13.418061256408691,"_timestamp":1.7473883307060027e+09,"_step":15,"reward":-16.5,"steps":200}