{"reward":-43.5,"epsilon":0.995,"loss":0.6822865682654082,"_wandb":{"runtime":11},"_timestamp":1.7468144360686083e+09,"_runtime":11.9560883,"_step":1,"episode":1}