{"overall_avg_reward":-37.325,"reward":-32.5,"_step":39,"_runtime":42.3179067,"episode":20,"running_avg_5":-13.9,"policy_loss":-0.16672469321638345,"value_loss":44.9078592300415,"_wandb":{"runtime":42},"entropy_coef":0.0941192,"_timestamp":1.7513845446776674e+09,"entropy_bonus":1.1260327100753784}