{"entropy_bonus":1.1260327100753784,"entropy_coef":0.0941192,"_wandb":{"runtime":65},"episode":20,"reward":-32.5,"_step":20,"overall_avg_reward":-37.325,"running_avg_5":-13.9,"_runtime":65.7092974,"_timestamp":1.7513876239661703e+09,"policy_loss":-0.16672469321638345,"value_loss":44.9078592300415}