{"_step":199,"_timestamp":1.7471663254517398e+09,"_wandb":{"runtime":8562},"epsilon":0.0999969960769904,"_runtime":8562.704674,"reward":-7,"loss":6.875010967254639,"avg_q":39.58812713623047,"steps":200}