{"loss":8.793347358703613,"_runtime":81.8309838,"reward":-18.5,"epsilon":0.0996820918179746,"_timestamp":1.7473879333959477e+09,"_wandb":{"runtime":89},"avg_q":39.534610748291016,"_step":3,"steps":200}