{"_runtime":113.1661805,"_step":4,"avg_q":70.9237060546875,"epsilon":0.0996820918179746,"steps":200,"_timestamp":1.7473873217215235e+09,"_wandb":{"runtime":113},"reward":-4,"loss":26.989362716674805}