{"entropy_bonus":1.446177363395691,"_runtime":19.183753169,"entropy_coef":0.096,"episode_length":200,"_step":10,"reward":-63,"value_loss":1234.553857421875,"episode":10,"_timestamp":1.7516173021157389e+09,"policy_loss":-0.14877275824546815,"_wandb":{"runtime":19}}