{"_timestamp":1.7473840097890787e+09,"_runtime":335.5301072,"reward":-11,"steps":200,"_wandb":{"runtime":335},"avg_q":164.7098388671875,"loss":145.33155822753906,"epsilon":0.6703066388750015,"_step":19}