{"episode/reward":215,"episode":76,"_wandb":{"runtime":37},"_runtime":37.046398917,"_timestamp":1.7717019879061384e+09,"_step":0}