{"_runtime":388.9285757,"reward":-21,"epsilon":0.049911691230058335,"_wandb":{"runtime":388},"steps":200,"avg_q":17.005455017089844,"_timestamp":1.747153520777477e+09,"_step":9,"loss":2.272900104522705}