{"entropy_coef":0.020350640787012493,"episode":199,"entropy_bonus":1.0841989517211914,"overall_avg_reward":-21.125,"value_loss":39.22707290649414,"_step":399,"reward":7,"_timestamp":1.7516179411817484e+09,"_wandb":{"runtime":416},"episode_length":200,"policy_loss":-0.1125389114022255,"_runtime":416}