{"_step":2,"steps":200,"avg_q":3.9154770374298096,"epsilon":0.9417617081065252,"reward":-68.5,"_runtime":40.6202198,"loss":1.387829303741455,"_timestamp":1.747387174916059e+09,"_wandb":{"runtime":47}}