{"entropy_coef":0.096,"_timestamp":1.751617332752516e+09,"_step":10,"_runtime":21.03452373,"entropy_bonus":1.4461764097213745,"reward":-63,"policy_loss":-0.14877265691757202,"value_loss":1234.553857421875,"episode_length":200,"episode":10,"_wandb":{"runtime":21}}