{"_timestamp":1.7471572587669144e+09,"_wandb":{"runtime":277},"epsilon":0.8187225652655491,"loss":1.573439121246338,"avg_q":10.691454887390137,"reward":-77.5,"_runtime":277.0151669,"_step":9,"steps":200}