{"reward":-34.5,"_wandb":{"runtime":40},"loss":0.9297993183135986,"_step":1,"epsilon":0.1346580429260134,"steps":200,"_runtime":34.3133619,"avg_q":10.169805526733398,"_timestamp":1.7473878300230618e+09}