{"avg_q":NaN,"_timestamp":1.7468151753132668e+09,"_runtime":80.7685456,"_step":9,"_wandb":{"runtime":80},"reward":-49.5,"epsilon":0.9558895783575597,"loss":1.7698747089505196}