{"episode":10,"train/max_q":7.831096172332764,"train/loss":0.024855704978108406,"_step":2000,"train/avg_q":-0.36700430512428284,"episode/reward":-8.5,"_wandb":{"runtime":101},"_timestamp":1.7487810340615733e+09,"_runtime":101.698179,"train/epsilon":0.1}