{"_wandb":{"runtime":301},"_runtime":295.680338,"_step":11,"_timestamp":1.7473850100001826e+09,"reward":-81.5,"steps":200,"avg_q":2.1707285e+06,"epsilon":0.6292947367676288,"loss":6.2180483072e+10}