{"_timestamp":1.7487883374248307e+09,"train/max_q":7.831096172332764,"episode/reward":-8.5,"episode":10,"_wandb":{"runtime":848},"_runtime":848.7064295,"train/epsilon":0.1,"_step":2000,"train/avg_q":-0.36700430512428284,"train/loss":0.024855704978108406}