{"_timestamp":1.7516213327708557e+09,"_step":10,"episode":10,"_wandb":{"runtime":20},"_runtime":20.1508518,"reward":-73,"episode_length":200,"entropy_coef":0.1}