{"_step":1,"reward":-81,"epsilon":0.9607875174472562,"steps":200,"_timestamp":1.7473836458763177e+09,"loss":2.323913335800171,"avg_q":2.5082826614379883,"_wandb":{"runtime":27},"_runtime":27.1076554}