{"train/actor_loss":-75.69099426269531,"train/over_estimation":0.47472572326660156,"_runtime":152.595586894,"_timestamp":1.7716934526831136e+09,"train/q_value":72.3099594116211,"episode/reward":228.5,"_wandb":{"runtime":152},"train/q_loss":8.799644470214844,"episode":100,"_step":19937}