{"_wandb":{"runtime":23},"entropy_coef":0.09215999999999999,"entropy_bonus":1.37086820602417,"policy_loss":-0.1402837187051773,"episode_length":200,"_step":11,"_runtime":23.593219983,"_timestamp":1.7516170840926263e+09,"reward":-36.5,"episode":11,"value_loss":174.90821533203126}