{"episode/reward":61,"train/max_q":14.068991661071777,"episode":5,"train/loss":0.22619323432445526,"train/avg_q":2.2600018978118896,"_timestamp":1.7496638056856515e+09,"_step":1078,"train/epsilon":0.1,"_runtime":73.012901,"_wandb":{"runtime":73}}