{"loss":1.0098419189453125,"_wandb":{"runtime":19},"reward":-78,"steps":200,"_runtime":19.9167578,"_timestamp":1.7471576702219732e+09,"avg_q":0,"_step":0,"epsilon":0.980197693043223}