{"_timestamp":1.771702255760399e+09,"_wandb":{"runtime":38},"_runtime":38.193945069,"_step":0,"episode/reward":249.5,"episode":99}