{"reward":-90.5,"epsilon":0.9048328935585562,"avg_q":23.29998016357422,"loss":7.978168964385986,"_step":4,"_wandb":{"runtime":80},"steps":200,"_runtime":80.318617,"_timestamp":1.7473871046797118e+09}