{"avg_q":26.41915512084961,"epsilon":0.09992369761598127,"loss":3.8738324642181396,"reward":-22.5,"_step":19,"_wandb":{"runtime":528},"steps":200,"_timestamp":1.747385559210234e+09,"_runtime":528.8778454}