{"_wandb":{"runtime":322},"epsilon":0.3677874521460121,"avg_q":17.82066535949707,"_timestamp":1.7471567176062818e+09,"reward":-37,"steps":200,"loss":2.6683077812194824,"_runtime":322.7535773,"_step":9}