{"steps":200,"_runtime":889.083961,"avg_q":0.04355934262275696,"reward":0,"loss":0.00010689403279684484,"_wandb":{"runtime":889},"epsilon":0,"_timestamp":1.7471557929407163e+09,"_step":19}