{"epsilon":0.9558895783575597,"loss":1.7698747089505196,"_timestamp":1.7468147746921847e+09,"_runtime":63.2961084,"_wandb":{"runtime":63},"_step":9,"episode":9,"reward":-49.5}