{"train/max_q":7.831096172332764,"_runtime":121.9677,"episode/reward":-8.5,"train/epsilon":0.1,"_step":2000,"train/loss":0.024855704978108406,"_timestamp":1.7487817313748665e+09,"episode":10,"_wandb":{"runtime":121},"train/avg_q":-0.36700430512428284}