{"_timestamp":1.7470492442010546e+09,"_runtime":15.0355826,"_step":0,"reward":4.5,"_wandb":{"runtime":28},"epsilon":0,"loss":0.29871748281675053,"avg_q":-0.2945863604545593}