{"rollout_policy_loss":-0.13835627734661102,"_step":162,"entropy_coef":0.020589113209464913,"rollout_value_loss":104.06731719970703,"_runtime":282.3502293,"reward":-47,"_timestamp":1.7516221780213249e+09,"episode":162,"_wandb":{"runtime":282},"episode_length":200,"rollout_entropy":1.3725664615631104}